experiment_name,1780474501.0665069,571955b1-3001-4b74-9fcd-b7f916c8b305,21162540,420232,33134200,3,210244,26496992,8,7,3,1356804280447,4820735245,0,4810094960,1405173735291,0,52521566208,50367688704,7740758966272,-1,-1,-1
experiment_name,1780474501.519327,9b2f3c7a-8c2e-4f0a-b8d1-1c2d3e4f5678,7395984,466016,7790640,2,102624,9033664,0,0,0,51630851,440143,0,16327,43259395,0,31145551872,369258496,327450624,-1,-1,-1
experiment_name,1780474506.0215368,571955b1-3001-4b74-9fcd-b7f916c8b305,21150780,410901,33143531,1,200004,26496992,7,7,3,1356846392760,4820737637,0,4810097351,1405215846440,0,52521566208,50367688704,7740804169728,-1,-1,-1
experiment_name,1780474506.5179708,9b2f3c7a-8c2e-4f0a-b8d1-1c2d3e4f5678,7367344,494640,7762016,0,102624,9033664,0,0,0,51631690,440149,0,16330,43260750,0,31145551872,369258496,327450624,-1,-1,-1
experiment_name,1780474511.021936,571955b1-3001-4b74-9fcd-b7f916c8b305,21151600,410052,33144380,0,200004,26496992,6,6,3,1356846455306,4820738077,0,4810097790,1405215908634,0,52521566208,50367688704,7740804218880,-1,-1,-1
experiment_name,1780474511.518159,9b2f3c7a-8c2e-4f0a-b8d1-1c2d3e4f5678,7373504,488480,7768176,0,102624,9033664,0,0,0,51632063,440153,0,16333,43261293,0,31145551872,369258496,327450624,-1,-1,-1
experiment_name,1780474516.0217488,571955b1-3001-4b74-9fcd-b7f916c8b305,21151260,410371,33144061,0,200004,26496992,6,6,3,1356846517717,4820738515,0,4810098226,1405215970441,0,52521566208,50367688704,7740804263936,-1,-1,-1
experiment_name,1780474516.5183856,9b2f3c7a-8c2e-4f0a-b8d1-1c2d3e4f5678,7400576,461408,7795248,0,102624,9033664,0,0,0,51632617,440159,0,16337,43261926,0,31145551872,369258496,327450624,-1,-1,-1
experiment_name,1780474521.022142,571955b1-3001-4b74-9fcd-b7f916c8b305,21151976,409635,33144797,0,200004,26496992,5,6,3,1356846580239,4820738955,0,4810098665,1405216032611,0,52521566208,50367688704,7740804304896,-1,-1,-1
experiment_name,1780474521.5186028,9b2f3c7a-8c2e-4f0a-b8d1-1c2d3e4f5678,7416688,445296,7811360,0,102624,9033664,0,0,0,51633082,440165,0,16342,43262597,0,31145551872,369258496,327450624,-1,-1,-1
experiment_name,1780474526.0216486,571955b1-3001-4b74-9fcd-b7f916c8b305,21152104,409506,33144926,0,200008,26496992,5,6,3,1356846642381,4820739392,0,4810099101,1405216094401,0,52521566208,50367688704,7740804345856,-1,-1,-1
experiment_name,1780474526.518675,9b2f3c7a-8c2e-4f0a-b8d1-1c2d3e4f5678,7427904,434080,7822576,0,102624,9033664,0,0,0,51633560,440170,0,16345,43263140,0,31145551872,369258496,327450624,-1,-1,-1
experiment_name,1780474531.0218852,571955b1-3001-4b74-9fcd-b7f916c8b305,21152336,409234,33145198,0,200008,26496992,4,6,3,1356846703748,4820739824,0,4810099532,1405216155439,0,52521566208,50367688704,7740804395008,-1,-1,-1
experiment_name,1780474531.5178156,9b2f3c7a-8c2e-4f0a-b8d1-1c2d3e4f5678,7431168,430816,7825840,0,102624,9033664,0,0,0,51633956,440174,0,16348,43263683,0,31145551872,369258496,327450624,-1,-1,-1
experiment_name,1780474536.0212731,571955b1-3001-4b74-9fcd-b7f916c8b305,21151976,409570,33144862,0,200008,26496992,4,6,3,1356846767013,4820740269,0,4810099976,1405216218352,0,52521566208,50367688704,7740804444160,-1,-1,-1
experiment_name,1780474536.517939,9b2f3c7a-8c2e-4f0a-b8d1-1c2d3e4f5678,7434064,427920,7828736,0,102624,9033664,0,0,0,51634871,440181,0,16352,43264316,0,31145551872,369258496,327450624,-1,-1,-1
experiment_name,1780474541.021681,571955b1-3001-4b74-9fcd-b7f916c8b305,21152440,409089,33145343,0,200008,26496992,12,7,3,1356846828395,4820740701,0,4810100407,1405216279382,0,52521566208,50367688704,7740804485120,-1,-1,-1
experiment_name,1780474541.5181868,9b2f3c7a-8c2e-4f0a-b8d1-1c2d3e4f5678,7435504,426480,7830176,0,102624,9033664,0,0,0,51635244,440185,0,16355,43264859,0,31145551872,369258496,327450624,-1,-1,-1
experiment_name,1780474546.021566,571955b1-3001-4b74-9fcd-b7f916c8b305,21151644,409883,33144549,0,200008,26496992,11,7,3,1356846892314,4820741150,0,4810100854,1405216342581,0,52521566208,50367688704,7740804534272,-1,-1,-1
experiment_name,1780474546.5184662,9b2f3c7a-8c2e-4f0a-b8d1-1c2d3e4f5678,7436688,425296,7831360,0,102624,9033664,0,0,0,51635842,440191,0,16359,43265468,0,31145551872,369258496,327450624,-1,-1,-1
experiment_name,1780474551.0218585,571955b1-3001-4b74-9fcd-b7f916c8b305,21152296,409183,33145249,0,200008,26496992,10,7,3,1356846953818,4820741584,0,4810101287,1405216403705,0,52521566208,50367688704,7740804583424,-1,-1,-1
experiment_name,1780474551.5187001,9b2f3c7a-8c2e-4f0a-b8d1-1c2d3e4f5678,7437168,424816,7831840,0,102624,9033664,0,0,0,51636215,440195,0,16362,43266011,0,31145551872,369258496,327450624,-1,-1,-1
experiment_name,1780474556.0217733,571955b1-3001-4b74-9fcd-b7f916c8b305,21151532,409923,33144509,0,200012,26496992,9,7,3,1356847015956,4820742021,0,4810101723,1405216465491,0,52521566208,50367688704,7740804624384,-1,-1,-1
experiment_name,1780474556.517965,9b2f3c7a-8c2e-4f0a-b8d1-1c2d3e4f5678,7438368,423616,7833040,0,102624,9033664,0,0,0,51636693,440200,0,16365,43266554,0,31145551872,369258496,327450624,-1,-1,-1
experiment_name,1780474561.0216124,571955b1-3001-4b74-9fcd-b7f916c8b305,21183516,378371,33176061,0,168820,1330760,8,7,3,1356847246299,4820742665,0,4810102372,1405216696253,0,52521566208,50367688704,7740804673536,-1,-1,-1
experiment_name,1780474561.518187,9b2f3c7a-8c2e-4f0a-b8d1-1c2d3e4f5678,7452640,409344,7847312,0,81680,644640,0,0,0,51638792,440227,0,16385,43268514,0,31145551872,369258496,327450624,-1,-1,-1
experiment_name,1780474566.0222147,571955b1-3001-4b74-9fcd-b7f916c8b305,21203992,358143,33196289,0,168820,1330760,8,7,3,1356847307010,4820743086,0,4810102792,1405216756548,0,52521566208,50367688704,7740804825088,-1,-1,-1
experiment_name,1780474566.5184693,9b2f3c7a-8c2e-4f0a-b8d1-1c2d3e4f5678,7454320,407664,7848992,0,81680,644640,0,0,0,51639631,440233,0,16388,43269121,0,31145551872,369258496,327450624,-1,-1,-1
