test,identifier,metric,timestamp,value
experiment_name,8dfc63e4-de52-40da-a31c-70a8a3d94481,function_instantiate_time,1775229745.3968983,0.205462762
experiment_name,6827f612-c7e8-495b-afcf-a4e73bcda368,function_instantiate_time,1775229745.386856,0.176034895
experiment_name,77e7900b-ccfe-4785-bb86-6c89ede84c26,function_instantiate_time,1775229745.3961728,0.193627239
experiment_name,8b8be850-6caf-4096-8920-fe27b160a563,function_instantiate_time,1775229745.3949544,0.192814952
experiment_name,d4a8f54d-d56d-44f7-a370-8cf61fa1a751,function_instantiate_time,1775229745.3945916,0.200733747
experiment_name,f6e1e7c0-a49a-4571-80b5-4a041ee2cc0d,function_instantiate_time,1775229745.3969736,0.194370868
experiment_name,1c3976a3-4b1b-42f9-81eb-0f442b227f37,function_instantiate_time,1775229745.3963459,0.194148357
experiment_name,b8f2616b-274a-44e0-929c-65a1e7fa3f98,function_instantiate_time,1775229745.396177,0.194352311
experiment_name,2f62b729-d3d4-4d5c-919b-016c01bc9b55,function_instantiate_time,1775229745.3949494,0.198527018
experiment_name,fac304bb-b038-4229-abb2-91d8d4a100cb,function_instantiate_time,1775229745.3925128,0.184888779
experiment_name,379aa307-4cdf-4cdd-b5a5-2cc319daaa70,function_instantiate_time,1775229745.3907514,0.183366486
experiment_name,0f0e82d7-0e16-4d3c-a0c6-390f8b72fe6a,function_instantiate_time,1775229745.3985748,0.196295896
experiment_name,3b9a056d-5a87-4e4b-8251-2c1beb5ffd16,function_instantiate_time,1775229745.396268,0.189446868
experiment_name,e2163376-8e9e-40f6-8cbd-bb3111902dba,function_instantiate_time,1775229745.3870661,0.177416472
experiment_name,31773459-2b21-43d2-8e08-ee27782af0ab,function_instantiate_time,1775229745.3957143,0.189086798
experiment_name,73e51e05-6942-4dff-96d5-000f3b6b81ab,function_instantiate_time,1775229745.387031,0.176879048
experiment_name,e909f0cc-0a91-4868-be26-1dc9d301d1be,function_instantiate_time,1775229745.398261,0.192573815
experiment_name,ea0d31bb-d904-4c46-b20b-64af84ee7e97,function_instantiate_time,1775229745.3958883,0.193496816
experiment_name,cf62beaa-90aa-4cde-b0e0-09cf3bd328dd,function_instantiate_time,1775229745.398028,0.195577353
experiment_name,7e96e649-c4ea-4add-9d9d-0bc649dde2a4,function_instantiate_time,1775229745.390577,0.183853983
experiment_name,5a4b4eb7-7665-4204-9962-f156ec46af09,function_instantiate_time,1775229745.3963447,0.201058787
experiment_name,a6cd9f28-e2d5-4a33-8fd4-802f308d50f7,function_instantiate_time,1775229745.388971,0.182653485
experiment_name,38777cf4-dc09-42a2-b288-8af9456e15fb,function_instantiate_time,1775229745.392431,0.190363027
experiment_name,92094c6e-46c5-4805-a2c4-004e15f01a79,function_instantiate_time,1775229745.390389,0.183616259
experiment_name,4f598a0b-f522-4395-aa21-9650bdc20c07,function_instantiate_time,1775229745.3934846,0.191528451
experiment_name,89aadc6f-90ca-4adc-9ad1-9d705bd073c6,function_instantiate_time,1775229745.3949523,0.200736436
experiment_name,dd546819-5ca5-40e1-a327-f22ee2559be9,function_instantiate_time,1775229745.3943818,0.198989319
experiment_name,5d0744c9-0467-4361-917d-b58e4732b530,function_instantiate_time,1775229745.3897374,0.181057629
experiment_name,91ff2901-f575-4deb-9542-4c854471687d,function_instantiate_time,1775229745.3927011,0.184380856
experiment_name,3492274d-2bc9-40e2-a7c5-fcd587da2978,function_instantiate_time,1775229745.3951988,0.192522022
experiment_name,9777ba9f-e25c-4a16-b57a-cf1f94563539,function_instantiate_time,1775229745.3907502,0.187590595
experiment_name,3a81b541-4f67-48ed-9c08-af47272da147,function_instantiate_time,1775229745.396805,0.187629749
experiment_name,22534252-594c-4b31-9d8f-4c7452fedba3,function_instantiate_time,1775229745.3959777,0.203671653
experiment_name,22534252-594c-4b31-9d8f-4c7452fedba3,function_init_time,1775229745.3982472,0.002196278
experiment_name,6827f612-c7e8-495b-afcf-a4e73bcda368,function_init_time,1775229745.3869586,0.000095935
experiment_name,8dfc63e4-de52-40da-a31c-70a8a3d94481,function_init_time,1775229745.397051,0.000157609
experiment_name,22534252-594c-4b31-9d8f-4c7452fedba3,function_execution_time,1775229745.3987114,0.000537737
experiment_name,22534252-594c-4b31-9d8f-4c7452fedba3,function_execution_time,1775229746.399603,0.000063893
experiment_name,8dfc63e4-de52-40da-a31c-70a8a3d94481,function_execution_time,1775229745.398439,0.001361971
experiment_name,8dfc63e4-de52-40da-a31c-70a8a3d94481,function_execution_time,1775229746.3995419,0.000184001
experiment_name,8dfc63e4-de52-40da-a31c-70a8a3d94481,function_transfer_time,1775229745.3970618,0.000037732
experiment_name,8dfc63e4-de52-40da-a31c-70a8a3d94481,function_transfer_time,1775229746.399344,0.000092421
experiment_name,22534252-594c-4b31-9d8f-4c7452fedba3,function_transfer_time,1775229745.3982542,0.000341891
experiment_name,22534252-594c-4b31-9d8f-4c7452fedba3,function_transfer_time,1775229746.3995364,0.000039293
experiment_name,8dfc63e4-de52-40da-a31c-70a8a3d94481,function_execution_time,1775229747.401192,0.000167384
experiment_name,8dfc63e4-de52-40da-a31c-70a8a3d94481,function_execution_time,1775229748.4020271,0.000172871
experiment_name,22534252-594c-4b31-9d8f-4c7452fedba3,function_execution_time,1775229747.4012618,0.000071408
experiment_name,22534252-594c-4b31-9d8f-4c7452fedba3,function_execution_time,1775229748.4020956,0.00007037
experiment_name,22534252-594c-4b31-9d8f-4c7452fedba3,function_transfer_time,1775229747.4011867,0.000039217
experiment_name,22534252-594c-4b31-9d8f-4c7452fedba3,function_transfer_time,1775229748.4020212,0.000049823
experiment_name,8dfc63e4-de52-40da-a31c-70a8a3d94481,function_transfer_time,1775229747.4010115,0.000077049
experiment_name,8dfc63e4-de52-40da-a31c-70a8a3d94481,function_transfer_time,1775229748.401833,0.000080637
experiment_name,22534252-594c-4b31-9d8f-4c7452fedba3,function_execution_time,1775229749.4034066,0.000068275
experiment_name,22534252-594c-4b31-9d8f-4c7452fedba3,function_execution_time,1775229750.404294,0.000069562
experiment_name,8dfc63e4-de52-40da-a31c-70a8a3d94481,function_execution_time,1775229749.4033427,0.000182555
experiment_name,8dfc63e4-de52-40da-a31c-70a8a3d94481,function_execution_time,1775229750.404229,0.000185204
experiment_name,22534252-594c-4b31-9d8f-4c7452fedba3,function_transfer_time,1775229749.4033356,0.000041968
experiment_name,22534252-594c-4b31-9d8f-4c7452fedba3,function_transfer_time,1775229750.4042234,0.000034675
experiment_name,8dfc63e4-de52-40da-a31c-70a8a3d94481,function_transfer_time,1775229749.4031515,0.000098425
experiment_name,8dfc63e4-de52-40da-a31c-70a8a3d94481,function_transfer_time,1775229750.4041166,0.000022655
experiment_name,8dfc63e4-de52-40da-a31c-70a8a3d94481,function_execution_time,1775229751.4051583,0.00017279
experiment_name,8dfc63e4-de52-40da-a31c-70a8a3d94481,function_execution_time,1775229752.4059405,0.000146887
experiment_name,22534252-594c-4b31-9d8f-4c7452fedba3,function_execution_time,1775229751.4052308,0.000065205
experiment_name,22534252-594c-4b31-9d8f-4c7452fedba3,function_execution_time,1775229752.406014,0.000063664
experiment_name,22534252-594c-4b31-9d8f-4c7452fedba3,function_transfer_time,1775229751.4051628,0.000039771
experiment_name,22534252-594c-4b31-9d8f-4c7452fedba3,function_transfer_time,1775229752.4059448,0.000037704
experiment_name,8dfc63e4-de52-40da-a31c-70a8a3d94481,function_transfer_time,1775229751.4049785,0.000022622
experiment_name,8dfc63e4-de52-40da-a31c-70a8a3d94481,function_transfer_time,1775229752.405788,0.000082121
experiment_name,8dfc63e4-de52-40da-a31c-70a8a3d94481,function_execution_time,1775229753.4074764,0.000172653
experiment_name,8dfc63e4-de52-40da-a31c-70a8a3d94481,function_execution_time,1775229754.4091482,0.000138542
experiment_name,22534252-594c-4b31-9d8f-4c7452fedba3,function_execution_time,1775229753.4075394,0.000064512
experiment_name,22534252-594c-4b31-9d8f-4c7452fedba3,function_execution_time,1775229754.40921,0.000063953
experiment_name,8dfc63e4-de52-40da-a31c-70a8a3d94481,function_transfer_time,1775229753.4072957,0.000085725
experiment_name,8dfc63e4-de52-40da-a31c-70a8a3d94481,function_transfer_time,1775229754.4089952,0.000025967
experiment_name,22534252-594c-4b31-9d8f-4c7452fedba3,function_transfer_time,1775229753.4074712,0.00004631
experiment_name,22534252-594c-4b31-9d8f-4c7452fedba3,function_transfer_time,1775229754.409143,0.000035188
experiment_name,8dfc63e4-de52-40da-a31c-70a8a3d94481,function_execution_time,1775229755.4094806,0.000096495
experiment_name,8dfc63e4-de52-40da-a31c-70a8a3d94481,function_execution_time,1775229756.4113703,0.000166948
experiment_name,22534252-594c-4b31-9d8f-4c7452fedba3,function_execution_time,1775229755.4095442,0.00006428
experiment_name,22534252-594c-4b31-9d8f-4c7452fedba3,function_execution_time,1775229756.4114492,0.000059817
experiment_name,22534252-594c-4b31-9d8f-4c7452fedba3,function_transfer_time,1775229755.4094687,0.000031971
experiment_name,22534252-594c-4b31-9d8f-4c7452fedba3,function_transfer_time,1775229756.4113746,0.000036757
experiment_name,8dfc63e4-de52-40da-a31c-70a8a3d94481,function_transfer_time,1775229755.4093826,0.000015438
experiment_name,8dfc63e4-de52-40da-a31c-70a8a3d94481,function_transfer_time,1775229756.411198,0.000076964
experiment_name,22534252-594c-4b31-9d8f-4c7452fedba3,function_execution_time,1775229757.4132857,0.000064678
experiment_name,22534252-594c-4b31-9d8f-4c7452fedba3,function_execution_time,1775229758.4139175,0.000083398
experiment_name,8dfc63e4-de52-40da-a31c-70a8a3d94481,function_execution_time,1775229757.4132252,0.000148767
experiment_name,8dfc63e4-de52-40da-a31c-70a8a3d94481,function_execution_time,1775229758.413816,0.000166133
experiment_name,22534252-594c-4b31-9d8f-4c7452fedba3,function_transfer_time,1775229757.4132192,0.000036279
experiment_name,22534252-594c-4b31-9d8f-4c7452fedba3,function_transfer_time,1775229758.413821,0.000044389
experiment_name,8dfc63e4-de52-40da-a31c-70a8a3d94481,function_transfer_time,1775229757.4130569,0.000088953
experiment_name,8dfc63e4-de52-40da-a31c-70a8a3d94481,function_transfer_time,1775229758.4136431,0.000024776
experiment_name,8dfc63e4-de52-40da-a31c-70a8a3d94481,function_execution_time,1775229759.4154196,0.000212788
experiment_name,8dfc63e4-de52-40da-a31c-70a8a3d94481,function_execution_time,1775229760.4173496,0.000148443
experiment_name,22534252-594c-4b31-9d8f-4c7452fedba3,function_execution_time,1775229759.4154963,0.000078642
experiment_name,22534252-594c-4b31-9d8f-4c7452fedba3,function_execution_time,1775229760.4174137,0.000067227
experiment_name,8dfc63e4-de52-40da-a31c-70a8a3d94481,function_transfer_time,1775229759.415204,0.000109374
experiment_name,8dfc63e4-de52-40da-a31c-70a8a3d94481,function_transfer_time,1775229760.4171822,0.000024041
experiment_name,22534252-594c-4b31-9d8f-4c7452fedba3,function_transfer_time,1775229759.4154124,0.000042195
experiment_name,22534252-594c-4b31-9d8f-4c7452fedba3,function_transfer_time,1775229760.4173443,0.000036232
experiment_name,22534252-594c-4b31-9d8f-4c7452fedba3,function_execution_time,1775229761.4180284,0.000068516
experiment_name,22534252-594c-4b31-9d8f-4c7452fedba3,function_execution_time,1775229762.4196243,0.000056897
experiment_name,8dfc63e4-de52-40da-a31c-70a8a3d94481,function_execution_time,1775229761.4179459,0.000164442
experiment_name,8dfc63e4-de52-40da-a31c-70a8a3d94481,function_execution_time,1775229762.4195704,0.000150708
experiment_name,8dfc63e4-de52-40da-a31c-70a8a3d94481,function_transfer_time,1775229761.4177725,0.000077456
experiment_name,8dfc63e4-de52-40da-a31c-70a8a3d94481,function_transfer_time,1775229762.4194007,0.000022587
experiment_name,22534252-594c-4b31-9d8f-4c7452fedba3,function_transfer_time,1775229761.4179506,0.000040144
experiment_name,22534252-594c-4b31-9d8f-4c7452fedba3,function_transfer_time,1775229762.4195647,0.000037009
experiment_name,22534252-594c-4b31-9d8f-4c7452fedba3,function_execution_time,1775229763.421048,0.000056442
experiment_name,22534252-594c-4b31-9d8f-4c7452fedba3,function_execution_time,1775229764.4216876,0.000068663
experiment_name,8dfc63e4-de52-40da-a31c-70a8a3d94481,function_execution_time,1775229763.4209824,0.00014631
experiment_name,8dfc63e4-de52-40da-a31c-70a8a3d94481,function_execution_time,1775229764.42161,0.0001463
experiment_name,8dfc63e4-de52-40da-a31c-70a8a3d94481,function_transfer_time,1775229763.4208305,0.000073056
experiment_name,8dfc63e4-de52-40da-a31c-70a8a3d94481,function_transfer_time,1775229764.4214616,0.000027957
experiment_name,22534252-594c-4b31-9d8f-4c7452fedba3,function_transfer_time,1775229763.4209864,0.000035506
experiment_name,22534252-594c-4b31-9d8f-4c7452fedba3,function_transfer_time,1775229764.4216146,0.000040086
experiment_name,8dfc63e4-de52-40da-a31c-70a8a3d94481,function_execution_time,1775229765.4229493,0.000161703
experiment_name,8dfc63e4-de52-40da-a31c-70a8a3d94481,function_execution_time,1775229766.4236825,0.000148519
experiment_name,22534252-594c-4b31-9d8f-4c7452fedba3,function_execution_time,1775229765.4230204,0.000061731
experiment_name,22534252-594c-4b31-9d8f-4c7452fedba3,function_execution_time,1775229766.423758,0.00006472
experiment_name,8dfc63e4-de52-40da-a31c-70a8a3d94481,function_transfer_time,1775229765.4227824,0.000026759
experiment_name,8dfc63e4-de52-40da-a31c-70a8a3d94481,function_transfer_time,1775229766.4235282,0.000089026
experiment_name,22534252-594c-4b31-9d8f-4c7452fedba3,function_transfer_time,1775229765.4229536,0.000038389
experiment_name,22534252-594c-4b31-9d8f-4c7452fedba3,function_transfer_time,1775229766.423687,0.000040373
experiment_name,22534252-594c-4b31-9d8f-4c7452fedba3,function_execution_time,1775229767.4250214,0.000064229
experiment_name,22534252-594c-4b31-9d8f-4c7452fedba3,function_execution_time,1775229768.4260457,0.000067284
experiment_name,8dfc63e4-de52-40da-a31c-70a8a3d94481,function_execution_time,1775229767.4249492,0.000162233
experiment_name,8dfc63e4-de52-40da-a31c-70a8a3d94481,function_execution_time,1775229768.4259753,0.000199077
experiment_name,22534252-594c-4b31-9d8f-4c7452fedba3,function_transfer_time,1775229767.4249537,0.00003855
experiment_name,22534252-594c-4b31-9d8f-4c7452fedba3,function_transfer_time,1775229768.4259708,0.000053607
experiment_name,8dfc63e4-de52-40da-a31c-70a8a3d94481,function_transfer_time,1775229767.424782,0.000085741
experiment_name,8dfc63e4-de52-40da-a31c-70a8a3d94481,function_transfer_time,1775229768.4257646,0.00011544
experiment_name,22534252-594c-4b31-9d8f-4c7452fedba3,function_execution_time,1775229769.426895,0.000069187
experiment_name,22534252-594c-4b31-9d8f-4c7452fedba3,function_execution_time,1775229770.4279518,0.000062016
experiment_name,8dfc63e4-de52-40da-a31c-70a8a3d94481,function_execution_time,1775229769.4268339,0.000189577
experiment_name,8dfc63e4-de52-40da-a31c-70a8a3d94481,function_execution_time,1775229770.4278932,0.000183284
experiment_name,22534252-594c-4b31-9d8f-4c7452fedba3,function_transfer_time,1775229769.4268248,0.000043808
experiment_name,22534252-594c-4b31-9d8f-4c7452fedba3,function_transfer_time,1775229770.4278867,0.000037777
experiment_name,8dfc63e4-de52-40da-a31c-70a8a3d94481,function_transfer_time,1775229769.426631,0.000099034
experiment_name,8dfc63e4-de52-40da-a31c-70a8a3d94481,function_transfer_time,1775229770.427697,0.000093464
experiment_name,8dfc63e4-de52-40da-a31c-70a8a3d94481,function_execution_time,1775229771.4286213,0.000156783
experiment_name,8dfc63e4-de52-40da-a31c-70a8a3d94481,function_execution_time,1775229772.4303906,0.000152755
experiment_name,22534252-594c-4b31-9d8f-4c7452fedba3,function_execution_time,1775229771.4286995,0.000069872
experiment_name,22534252-594c-4b31-9d8f-4c7452fedba3,function_execution_time,1775229772.4304729,0.000073084
experiment_name,22534252-594c-4b31-9d8f-4c7452fedba3,function_transfer_time,1775229771.4286258,0.00004003
experiment_name,22534252-594c-4b31-9d8f-4c7452fedba3,function_transfer_time,1775229772.4303954,0.000039085
experiment_name,8dfc63e4-de52-40da-a31c-70a8a3d94481,function_transfer_time,1775229771.4284585,0.000025839
experiment_name,8dfc63e4-de52-40da-a31c-70a8a3d94481,function_transfer_time,1775229772.430232,0.000077942
experiment_name,22534252-594c-4b31-9d8f-4c7452fedba3,function_execution_time,1775229773.4319844,0.00006205
experiment_name,22534252-594c-4b31-9d8f-4c7452fedba3,function_execution_time,1775229774.4327393,0.00006275
experiment_name,8dfc63e4-de52-40da-a31c-70a8a3d94481,function_execution_time,1775229773.4319112,0.000191518
experiment_name,8dfc63e4-de52-40da-a31c-70a8a3d94481,function_execution_time,1775229774.4326653,0.000159684
experiment_name,22534252-594c-4b31-9d8f-4c7452fedba3,function_transfer_time,1775229773.431916,0.000043417
experiment_name,22534252-594c-4b31-9d8f-4c7452fedba3,function_transfer_time,1775229774.4326596,0.000039519
experiment_name,8dfc63e4-de52-40da-a31c-70a8a3d94481,function_transfer_time,1775229773.4317143,0.000096656
experiment_name,8dfc63e4-de52-40da-a31c-70a8a3d94481,function_transfer_time,1775229774.4324858,0.000024934
experiment_name,22534252-594c-4b31-9d8f-4c7452fedba3,function_stop_time,1775229775.2919726,0.000043813
experiment_name,6827f612-c7e8-495b-afcf-a4e73bcda368,function_stop_time,1775229775.2853339,0.000056202
experiment_name,8dfc63e4-de52-40da-a31c-70a8a3d94481,function_stop_time,1775229775.29166,0.000042993
