experiment_name,1779127401.7377698,daaa5e7d-0b23-473e-a4ac-60378e9977d9,4e485625-e1e4-4602-be63-d2b59ed819f8,e4a1c2b3-7d8f-4c9a-b123-8f9e1d2c3a45,d70ce920-8829-44bb-8293-ab964c4603da
experiment_name,1779127401.7377698,72dfd036-85bf-4df6-9f69-b3e267bae462,4e485625-e1e4-4602-be63-d2b59ed819f8,e4a1c2b3-7d8f-4c9a-b123-8f9e1d2c3a45,e97022cc-3d82-4206-94d4-4cda31d3be53
experiment_name,1779127401.7377698,57be45a9-0333-45fd-8c12-b78295dbe1b1,4e485625-e1e4-4602-be63-d2b59ed819f8,9b2f3c7a-8c2e-4f0a-b8d1-1c2d3e4f5678,f71c4440-8dac-4308-821c-6646ba606a0c
experiment_name,1779127401.7377698,6e3afb21-718b-4c38-8d78-3e0f9f497dc5,4e485625-e1e4-4602-be63-d2b59ed819f8,9b2f3c7a-8c2e-4f0a-b8d1-1c2d3e4f5678,731a199f-5d52-46da-bae5-9b5c199ae7a4
experiment_name,1779127401.7377698,5d3194ec-391c-4e40-ad69-b1db4a15f2e3,4e485625-e1e4-4602-be63-d2b59ed819f8,e4a1c2b3-7d8f-4c9a-b123-8f9e1d2c3a45,6b456c5b-b9a9-40ad-b293-906e7ea184f3
experiment_name,1779127401.7377698,615c6b6e-8a00-4e38-940c-b1ebb4decce3,4e485625-e1e4-4602-be63-d2b59ed819f8,e4a1c2b3-7d8f-4c9a-b123-8f9e1d2c3a45,8b639d7a-13e3-4e8a-a611-8c669efd0fe1
experiment_name,1779127401.7377698,a9e7b71b-5d0d-470f-8869-40a9fd09b563,4e485625-e1e4-4602-be63-d2b59ed819f8,9b2f3c7a-8c2e-4f0a-b8d1-1c2d3e4f5678,82ee7af2-2560-4b22-9565-b947bef5ef38
experiment_name,1779127401.7377698,cc37c4d0-4ef2-4255-9ecc-7e8aa8836b5d,4e485625-e1e4-4602-be63-d2b59ed819f8,9b2f3c7a-8c2e-4f0a-b8d1-1c2d3e4f5678,88baec90-7024-40a9-9e07-2ce9a57a77a1
experiment_name,1779127401.7377698,69ba9ae8-0eb8-47fd-aadc-caa724b4cc68,4e485625-e1e4-4602-be63-d2b59ed819f8,9b2f3c7a-8c2e-4f0a-b8d1-1c2d3e4f5678,946547c7-ff7b-4b35-83b6-ec73520ca7b6
experiment_name,1779127401.7377698,d9105c6a-4f3d-4340-bac0-7cbb27c6bd9a,4e485625-e1e4-4602-be63-d2b59ed819f8,e4a1c2b3-7d8f-4c9a-b123-8f9e1d2c3a45,6bb39174-2394-482d-b542-cd6a922fc688
experiment_name,1779127401.7377698,30efeabe-0c27-4071-b4ad-e3dbfa99463f,4e485625-e1e4-4602-be63-d2b59ed819f8,9b2f3c7a-8c2e-4f0a-b8d1-1c2d3e4f5678,c456d646-3ac8-4f5c-9967-4e0255a62e89
experiment_name,1779127401.7377698,a030f08f-0ab4-4bec-878d-569b575acebd,4e485625-e1e4-4602-be63-d2b59ed819f8,e4a1c2b3-7d8f-4c9a-b123-8f9e1d2c3a45,ea1c7474-a500-4995-9d79-474e0024246b
experiment_name,1779127401.7377698,11fac41d-4eb2-4441-8a18-a5a851ca932b,4e485625-e1e4-4602-be63-d2b59ed819f8,9b2f3c7a-8c2e-4f0a-b8d1-1c2d3e4f5678,cd16964e-d847-4eb3-9a04-1385fcd22fbf
experiment_name,1779127401.7377698,4862ba2f-0ec0-471a-aa3c-b5413eb20d5d,4e485625-e1e4-4602-be63-d2b59ed819f8,e4a1c2b3-7d8f-4c9a-b123-8f9e1d2c3a45,64d35cf5-bb0b-4f4d-84f6-151863106907
experiment_name,1779127401.7377698,1a3be331-317d-4513-b1a6-d79f1220d071,4e485625-e1e4-4602-be63-d2b59ed819f8,9b2f3c7a-8c2e-4f0a-b8d1-1c2d3e4f5678,12f2e8c5-3772-4935-8285-15ea26c52b70
experiment_name,1779127401.7377698,86a7e318-5e13-49ae-acb2-534a9ad5d7b3,4e485625-e1e4-4602-be63-d2b59ed819f8,9b2f3c7a-8c2e-4f0a-b8d1-1c2d3e4f5678,4edf55a0-274c-495d-89af-dbe1b1ea94a9
experiment_name,1779127401.7377698,d28ef569-92aa-4b07-be1e-83cf3dcbf6b5,4e485625-e1e4-4602-be63-d2b59ed819f8,9b2f3c7a-8c2e-4f0a-b8d1-1c2d3e4f5678,eac21860-4063-4452-9b00-aa70e80bc2ff
experiment_name,1779127401.7377698,2dc4a9ca-4b99-4b00-847e-5ca567635423,4e485625-e1e4-4602-be63-d2b59ed819f8,e4a1c2b3-7d8f-4c9a-b123-8f9e1d2c3a45,f5e994f0-86ba-40d0-962d-bd20d0dcb8c9
experiment_name,1779127401.7377698,10221e59-f7a6-421c-b4eb-0abaee7a5bd3,4e485625-e1e4-4602-be63-d2b59ed819f8,9b2f3c7a-8c2e-4f0a-b8d1-1c2d3e4f5678,1d75cb41-3731-474b-bafa-1283958efc8b
experiment_name,1779127401.7377698,727db0f9-b791-4492-b97d-6a748c6bdf30,4e485625-e1e4-4602-be63-d2b59ed819f8,571955b1-3001-4b74-9fcd-b7f916c8b305,a896566d-338c-42b8-b529-9da99031bbc8
experiment_name,1779127401.7377698,29f5dea9-f6ba-45e2-ba30-cc697d22adea,4e485625-e1e4-4602-be63-d2b59ed819f8,571955b1-3001-4b74-9fcd-b7f916c8b305,fc68cf26-efaf-4dc9-9936-14f337f700ad
experiment_name,1779127401.7377698,91d0dc5f-f2b4-4463-ad77-6eaa52f48147,4e485625-e1e4-4602-be63-d2b59ed819f8,9b2f3c7a-8c2e-4f0a-b8d1-1c2d3e4f5678,2c466ca8-ea5e-4627-a5dc-875574f0bbbd
experiment_name,1779127401.7377698,6e0e9e5c-5eda-4261-9426-cce040a13a72,4e485625-e1e4-4602-be63-d2b59ed819f8,9b2f3c7a-8c2e-4f0a-b8d1-1c2d3e4f5678,f5afbedd-b830-4d05-b85f-fb89d745f90d
experiment_name,1779127401.7377698,0fdcdaf5-b5a0-42dd-b72b-0342027175d5,4e485625-e1e4-4602-be63-d2b59ed819f8,e4a1c2b3-7d8f-4c9a-b123-8f9e1d2c3a45,90f616ca-db2f-4bbe-a80b-9b1100de1e79
experiment_name,1779127401.7377698,29f76299-e883-4acb-912b-ba8c9d8a589a,4e485625-e1e4-4602-be63-d2b59ed819f8,e4a1c2b3-7d8f-4c9a-b123-8f9e1d2c3a45,ad339ac0-7cbe-4949-a9a0-b819e16cb874
experiment_name,1779127401.7377698,a9805adf-f01e-406e-9d50-91cf4672bee4,4e485625-e1e4-4602-be63-d2b59ed819f8,9b2f3c7a-8c2e-4f0a-b8d1-1c2d3e4f5678,1255e234-705e-4bf2-9759-7fff5a20b43f
experiment_name,1779127401.7377698,0d47c25b-995f-4508-ae3d-0e39ff731757,4e485625-e1e4-4602-be63-d2b59ed819f8,e4a1c2b3-7d8f-4c9a-b123-8f9e1d2c3a45,ce3f2cfb-8034-41d3-910c-520ec2f13097
experiment_name,1779127401.7377698,b66077c7-f6a7-493f-b59a-c30c20969025,4e485625-e1e4-4602-be63-d2b59ed819f8,e4a1c2b3-7d8f-4c9a-b123-8f9e1d2c3a45,28859834-0497-4fee-be27-212d90d7e594
experiment_name,1779127401.7377698,00dbc92b-2e41-4ba0-a5c4-16fbf2e77b5a,4e485625-e1e4-4602-be63-d2b59ed819f8,571955b1-3001-4b74-9fcd-b7f916c8b305,67b92919-bb69-4de2-85bb-dff4ea41a26d
experiment_name,1779127401.7377698,ab4a7c4b-5ee9-4bb5-b912-698d12a48ade,4e485625-e1e4-4602-be63-d2b59ed819f8,e4a1c2b3-7d8f-4c9a-b123-8f9e1d2c3a45,d65ad9cb-1c64-4435-9af4-d0282994d93d
experiment_name,1779127401.7377698,5d69ece8-3044-4308-9a1b-84207a36bda5,4e485625-e1e4-4602-be63-d2b59ed819f8,e4a1c2b3-7d8f-4c9a-b123-8f9e1d2c3a45,063c06d8-9538-41cb-bceb-dbe7d7234f81
experiment_name,1779127401.7377698,6d9847b2-6583-4092-aed6-2b840b248abe,4e485625-e1e4-4602-be63-d2b59ed819f8,e4a1c2b3-7d8f-4c9a-b123-8f9e1d2c3a45,1b44b701-8dab-40ab-9723-6f2d1faf0d2e
experiment_name,1779127401.7377698,52a2b956-480f-4d15-a39c-cb01fa49fb18,4e485625-e1e4-4602-be63-d2b59ed819f8,9b2f3c7a-8c2e-4f0a-b8d1-1c2d3e4f5678,79aa2cb4-12c3-44a6-ac15-dbb3bdeabbfe
